timestamp,branch,provider,library,layout,load_mode,engine,file_size_mib,memory_peak_mib,load_time_sec,row_count,coords_mode,benchmark_type
20260123_145325,feat/respo-scisport,cdf,kloppy-light,long_ball,lazy_no_collect,polars,76.89986515,0.03125,0.193191541,,n/a,load
20260123_145325,feat/respo-scisport,cdf,kloppy-light,long,lazy_no_collect,polars,76.89986515,0.109375,0.19439625,,n/a,load
20260123_145325,feat/respo-scisport,cdf,kloppy-light,long_ball,lazy_collect,polars,76.89986515,54.3125,0.640600583,770873,n/a,load
20260123_145325,feat/respo-scisport,cdf,kloppy-light,long,lazy_collect,polars,76.89986515,58.671875,0.655147917,805931,n/a,load
20260123_145325,feat/respo-scisport,cdf,kloppy-light,long_ball,eager,polars,76.89986515,70.78125,0.670160959,770873,n/a,load
20260123_145325,feat/respo-scisport,cdf,kloppy-light,long,eager,polars,76.89986515,332.609375,0.717603833,805931,n/a,load
20260123_145325,feat/respo-scisport,cdf,kloppy-light,wide,eager,polars,76.89986515,41.296875,1.312968125,35058,n/a,load
20260121_111754,feat/respo-scisport,gradientsports,kloppy-light,long_ball,lazy_no_collect,polars,727.5814638,1,0.230656208,,n/a,load
20260121_111754,feat/respo-scisport,gradientsports,kloppy-light,long,lazy_no_collect,polars,727.5814638,0.53125,0.242174458,,n/a,load
20260121_111754,feat/respo-scisport,gradientsports,kloppy-light,long,lazy_collect,polars,727.5814638,1576.921875,4.211792875,2229440,n/a,load
20260121_111754,feat/respo-scisport,gradientsports,kloppy-light,long_ball,eager,polars,727.5814638,1595.71875,4.355310042,2132921,n/a,load
20260121_111754,feat/respo-scisport,gradientsports,kloppy-light,long_ball,lazy_collect,polars,727.5814638,1541.1875,4.466700875,2132921,n/a,load
20260121_111754,feat/respo-scisport,gradientsports,kloppy-light,long,eager,polars,727.5814638,1612.34375,4.505398291,2229440,n/a,load
20260121_111754,feat/respo-scisport,gradientsports,kloppy-light,wide,eager,polars,727.5814638,1450.15625,6.436383208,96519,n/a,load
20260121_111754,feat/respo-scisport,gradientsports,kloppy,frames,eager,n/a,727.5814638,4200.6875,19.14220946,101247,native,load
20260121_111754,feat/respo-scisport,gradientsports,kloppy,frames,eager,n/a,727.5814638,4371.3125,49.00501896,101247,default,load
20260121_112415,feat/respo-scisport,hawkeye,kloppy-light,long,lazy_no_collect,polars,2632.278188,24.4375,0.70311075,,n/a,load
,,hawkeye,kloppy-light,long,eager_sequential,polars,2632.278188,7369.72,11.18,6189128,n/a,load
,,hawkeye,kloppy-light,long,eager_parallel,polars,2632.278188,4028.92,5.647,6189128,n/a,load
,,hawkeye,kloppy-light,long,lazy_collect_sequential,polars,2632.278188,4891.95,10.22,6189128,n/a,load
,,hawkeye,kloppy-light,long,lazy_collect_parallel,polars,2632.278188,4011.47,6.017,6189128,n/a,load
,,hawkeye,kloppy-light,wide,eager_parallel,polars,2632.278188,4642.48,6.118,268525,n/a,load
,,hawkeye,kloppy-light,long_ball,eager_parallel,polars,2632.278188,3917.14,5.667,5920603,n/a,load
20260121_112415,feat/respo-scisport,hawkeye,kloppy,frames,eager,n/a,2632.278188,1094.125,71.69194879,270000,native,load
20260121_112415,feat/respo-scisport,hawkeye,kloppy,frames,eager,n/a,2632.278188,7157.125,147.1032466,270000,default,load
20260123_145325,feat/respo-scisport,respovision,kloppy-light,long_ball,eager,polars,2283.170421,2574.578125,9.032982334,2255698,n/a,load
20260123_145325,feat/respo-scisport,respovision,kloppy-light,wide,eager,polars,2283.170421,2590.234375,9.16694225,102532,n/a,load
20260123_145325,feat/respo-scisport,respovision,kloppy-light,long,eager,polars,2283.170421,3484.296875,9.335404875,2358230,n/a,load
20260121_111754,feat/respo-scisport,secondspectrum,kloppy-light,long,lazy_no_collect,polars,423.4049196,0.125,0.206721541,,n/a,load
20260121_111754,feat/respo-scisport,secondspectrum,kloppy-light,long_ball,lazy_no_collect,polars,423.4049196,0,0.218221916,,n/a,load
20260121_111754,feat/respo-scisport,secondspectrum,kloppy-light,long_ball,lazy_collect,polars,423.4049196,325.78125,1.981206125,1826066,n/a,load
20260121_111754,feat/respo-scisport,secondspectrum,kloppy-light,long,lazy_collect,polars,423.4049196,363.109375,2.069041458,1909069,n/a,load
20260121_111754,feat/respo-scisport,secondspectrum,kloppy-light,long_ball,eager,polars,423.4049196,338.21875,2.115236375,1826066,n/a,load
20260121_111754,feat/respo-scisport,secondspectrum,kloppy-light,long,eager,polars,423.4049196,1335.578125,2.413825583,1909069,n/a,load
20260121_111754,feat/respo-scisport,secondspectrum,kloppy-light,wide,eager,polars,423.4049196,291.0625,4.141059042,83003,n/a,load
20260121_111754,feat/respo-scisport,secondspectrum,kloppy,frames,eager,n/a,423.4049196,1396.734375,10.8069025,83003,native,load
20260121_111754,feat/respo-scisport,secondspectrum,kloppy,frames,eager,n/a,423.4049196,1762.484375,32.40387933,83003,default,load
20260121_111754,feat/respo-scisport,skillcorner,kloppy-light,long_ball,lazy_no_collect,polars,85.1448431,0,0.230109042,,n/a,load
20260121_111754,feat/respo-scisport,skillcorner,kloppy-light,long,lazy_no_collect,polars,85.1448431,0,0.23207475,,n/a,load
20260121_111754,feat/respo-scisport,skillcorner,kloppy-light,long_ball,lazy_collect,polars,85.1448431,5.09375,0.65488825,693484,n/a,load
20260121_111754,feat/respo-scisport,skillcorner,kloppy-light,long,lazy_collect,polars,85.1448431,7.453125,0.664805791,725006,n/a,load
20260121_111754,feat/respo-scisport,skillcorner,kloppy-light,long_ball,eager,polars,85.1448431,18.78125,0.679947208,693484,n/a,load
20260121_111754,feat/respo-scisport,skillcorner,kloppy-light,long,eager,polars,85.1448431,101.390625,0.819538333,725006,n/a,load
20260121_111754,feat/respo-scisport,skillcorner,kloppy-light,wide,eager,polars,85.1448431,5.3125,1.250081042,31522,n/a,load
20260121_111754,feat/respo-scisport,skillcorner,kloppy,frames,eager,n/a,85.1448431,546.203125,3.830988833,31522,native,load
20260121_111754,feat/respo-scisport,skillcorner,kloppy,frames,eager,n/a,85.1448431,925.5625,12.90922058,31522,default,load
20260121_111754,feat/respo-scisport,sportec,kloppy-light,long,lazy_no_collect,polars,355.8713312,0,0.221112042,,n/a,load
20260121_111754,feat/respo-scisport,sportec,kloppy-light,long_ball,lazy_no_collect,polars,355.8713312,0,0.233453959,,n/a,load
20260121_111754,feat/respo-scisport,sportec,kloppy-light,long,lazy_collect,polars,355.8713312,703.171875,6.94477225,1971514,n/a,load
20260121_111754,feat/respo-scisport,sportec,kloppy-light,long_ball,eager,polars,355.8713312,586.5625,7.46391975,1885796,n/a,load
20260121_111754,feat/respo-scisport,sportec,kloppy-light,long,eager,polars,355.8713312,506.265625,7.541198125,1971514,n/a,load
20260121_111754,feat/respo-scisport,sportec,kloppy-light,long_ball,lazy_collect,polars,355.8713312,570.703125,7.948046875,1885796,n/a,load
20260121_111754,feat/respo-scisport,sportec,kloppy-light,wide,eager,polars,355.8713312,553.0625,9.22776775,85718,n/a,load
20260121_111754,feat/respo-scisport,sportec,kloppy,frames,eager,n/a,355.8713312,3062.125,25.81016779,85718,native,load
20260121_111754,feat/respo-scisport,sportec,kloppy,frames,eager,n/a,355.8713312,3142.390625,49.19364633,85718,default,load
20260121_111754,feat/respo-scisport,tracab,kloppy-light,long,lazy_no_collect,polars,113.3783054,0.015625,0.229504791,,n/a,load
20260121_111754,feat/respo-scisport,tracab,kloppy-light,long_ball,lazy_no_collect,polars,113.3783054,0,0.268837959,,n/a,load
20260121_111754,feat/respo-scisport,tracab,kloppy-light,long,lazy_collect,polars,113.3783054,63.203125,1.500935166,1900849,n/a,load
20260121_111754,feat/respo-scisport,tracab,kloppy-light,long_ball,eager,polars,113.3783054,62.625,1.503647625,1818177,n/a,load
20260121_111754,feat/respo-scisport,tracab,kloppy-light,long,eager,polars,113.3783054,196.21875,1.595270042,1900849,n/a,load
20260121_111754,feat/respo-scisport,tracab,kloppy-light,long_ball,lazy_collect,polars,113.3783054,42.9375,1.68035325,1818177,n/a,load
20260121_111754,feat/respo-scisport,tracab,kloppy-light,wide,eager,polars,113.3783054,37.625,3.012897834,82672,n/a,load
20260121_111754,feat/respo-scisport,tracab,kloppy,frames,eager,n/a,113.3783054,1279.265625,12.84658808,81263,native,load
20260121_111754,feat/respo-scisport,tracab,kloppy,frames,eager,n/a,113.3783054,1349.984375,30.86750942,81263,default,load
,,,,,,,,,,,,